Solver,Time,Normalized Modified Inverted Generational Distance,Standard Deviation
nsga2,0.06140750538924731,0.23213247311827956,0.050204344217766865
nsga2,0.1285671612688172,0.2310762193548387,0.04977439999451373
nsga2,0.18858643483870968,0.2288937376344086,0.04911180443197579
nsga2,0.25159820903225805,0.2264040817204301,0.04783411185069742
nsga2,0.33751142903225806,0.22325726021505377,0.04609045582394795
nsga2,0.44708528451612906,0.21942649032258066,0.043944656860642146
nsga2,0.5865522649462366,0.21505274193548388,0.04144672501524449
nsga2,0.7665006529032258,0.2102767440860215,0.03888105506271622
nsga2,0.9956876879569893,0.2053492817204301,0.03640590329031577
nsga2,1.2878790494623655,0.20023958064516129,0.034121572641743016
nsga2,1.6646914752688171,0.1951594,0.03230005170446646
nsga2,2.147490311827957,0.19004364086021505,0.030619626298882888
nsga2,2.7724915591397847,0.18517166451612904,0.02929103390050416
nsga2,3.580744152688172,0.18055579139784947,0.028367229168226572
nsga2,4.6294100817204304,0.1761563376344086,0.0274628618112179
nsga2,5.994437870967742,0.1719476322580645,0.02673589991134048
nsga2,7.774096666666667,0.1679805075268817,0.026073631228092982
nsga2,10.105178086021505,0.1641390322580645,0.025575401446040147
nsga2,13.16896159139785,0.1605749010752688,0.025103219071527936
nsga2,17.205970559139786,0.15733022408602151,0.02484889618256724
nsga2,22.547037784946237,0.15415613569892472,0.02461893505776703
nsga2,29.638129032258064,0.15110405096774193,0.024454574610387407
nsga2,39.089831612903225,0.14820628688172044,0.024307261657625336
nsga2,51.73284322580645,0.14565349806451613,0.024215623067568075
nsga2,68.70761913978495,0.143223503655914,0.024213381755919517
nsga2,91.58546688172044,0.1408275064516129,0.02425422511385906
nsga2,122.53071247311829,0.1383150034408602,0.024377524399402814
nsga2,164.54543655913977,0.13593983139784946,0.02458038915375959
nsga2,221.79397204301074,0.13384097612903226,0.02512147332175604
nsga2,300.02079139784945,0.13159114688172044,0.025643543991058938
nsga3,0.087409148,0.228692088172043,0.04909082504648261
nsga3,0.21265102150537635,0.22712888817204302,0.048510365867775095
nsga3,0.30179646516129033,0.2257652,0.04816982708570147
nsga3,0.3933340913978495,0.2244525139784946,0.04769803267169772
nsga3,0.5701047348387097,0.2223608860215054,0.0468898552877158
nsga3,0.7560848855913979,0.22062914838709677,0.0462283800054042
nsga3,1.0050918,0.21878239784946238,0.04554556065987088
nsga3,1.314146010752688,0.21697141075268817,0.04495501201983783
nsga3,1.7039710451612904,0.21492188817204302,0.04419595335826673
nsga3,2.1964031268817203,0.21270032903225805,0.04352820723251095
nsga3,2.8128452193548386,0.2098194924731183,0.04294946592147727
nsga3,3.587561430107527,0.2051086752688172,0.04271201136440462
nsga3,4.567754494623656,0.19811710322580645,0.04442954695845195
nsga3,5.807094903225806,0.18797590258064517,0.04798050603289088
nsga3,7.375819806451613,0.17605131096774193,0.05224977868668552
nsga3,9.367954946236559,0.16374256365591397,0.05599343841911716
nsga3,11.901987612903225,0.151605328172043,0.05762059692115912
nsga3,15.13174711827957,0.14065737032258063,0.0578817079258029
nsga3,19.253408301075268,0.1306803935483871,0.05725173765610519
nsga3,24.527053978494624,0.12175527677419355,0.055625967285200154
nsga3,31.28105935483871,0.11401307419354839,0.05364878641797891
nsga3,39.95018537634409,0.10700469741935484,0.05145827297677318
nsga3,51.10034602150537,0.10056953096774193,0.04929722872798397
nsga3,65.473848172043,0.09491318752688171,0.04736782468239202
nsga3,84.02614752688172,0.08993514150537635,0.045571457884638226
nsga3,108.01762021505377,0.08552474989247312,0.043776817547630124
nsga3,139.10175053763442,0.08152903268817205,0.04208412323095437
nsga3,179.449576344086,0.07784887569892474,0.04048103412049403
nsga3,231.90885376344087,0.07463483913978494,0.039114610585781126
nsga3,300.0585247311828,0.07164851569892473,0.03778817030453182
nspso,0.06919626086021505,0.22977046021505376,0.04940835871528832
nspso,0.13102557982795698,0.22820853978494623,0.04891476579644807
nspso,0.18623884997849463,0.2273915870967742,0.04868621701440738
nspso,0.26619383505376343,0.22625184086021505,0.04833067825957602
nspso,0.3560735006451613,0.22522253548387097,0.0479892058073117
nspso,0.4803020292473118,0.22439505806451612,0.04776901673917127
nspso,0.6357221329032258,0.22359741505376343,0.047546343483111264
nspso,0.8338752939784946,0.22287680430107526,0.04738080789067718
nspso,1.0870985505376345,0.22196797634408602,0.04698453456853951
nspso,1.412245301075269,0.22097334623655915,0.04663107226598077
nspso,1.8297056537634409,0.21988995913978496,0.04621869548040019
nspso,2.3683041913978493,0.21856905376344085,0.04572372145847481
nspso,3.0633414150537632,0.21688612688172043,0.045188504329887136
nspso,3.962467769892473,0.2144491053763441,0.04486872598946566
nspso,5.126482,0.2107284623655914,0.045398180783076676
nspso,6.639759720430107,0.20542334623655914,0.047238387624843295
nspso,8.607248043010753,0.19895469075268818,0.050639381660431027
nspso,11.173469892473118,0.1917762047311828,0.0543133050150116
nspso,14.52598447311828,0.18520300365591397,0.05694736671777812
nspso,18.91802888172043,0.1793317135483871,0.059112626880433186
nspso,24.6848911827957,0.17467917677419356,0.06045431074376486
nspso,32.27831784946237,0.17051672860215053,0.06172507506372493
nspso,42.301046451612905,0.16724601096774194,0.06252680176695806
nspso,55.561376989247314,0.16453545720430107,0.06293751713214296
nspso,73.15020795698925,0.1621195247311828,0.06267507424257954
nspso,96.53980494623656,0.16023992494623657,0.06207894400789851
nspso,127.71780860215054,0.15800123720430106,0.06051658658853918
nspso,169.37523655913978,0.15591266021505376,0.0589775559762815
nspso,225.17008172043012,0.15395115720430108,0.057634997918572295
nspso,300.01847741935484,0.15264241010752688,0.0570074596392498
moead,0.09013986597849462,0.22824790322580646,0.048902298096840525
moead,0.18754070731182795,0.22397019139784946,0.04752614093761811
moead,0.2710562529032258,0.2177283677419355,0.045732831620892506
moead,0.35704416709677417,0.21228374623655913,0.04421642679290149
moead,0.5183756294623656,0.20375350107526882,0.042306837802582056
moead,0.6973857096774193,0.1964798,0.04072809979567399
moead,0.9328118666666667,0.18815587311827958,0.039241107791906454
moead,1.2307971397849462,0.17950757419354837,0.03794353806433778
moead,1.6130674924731183,0.1707775612903226,0.036938675642662705
moead,2.0884467677419356,0.1620266,0.03611380054191243
moead,2.70082231827957,0.1530399088172043,0.03542463649546708
moead,3.473478021505376,0.14406209548387097,0.03483409374721718
moead,4.453577956989247,0.13513391548387096,0.03437587538321214
moead,5.702546344086022,0.12616772107526883,0.03402258901513758
moead,7.287783720430108,0.11733692344086022,0.03344990798365438
moead,9.306051462365591,0.10871696322580646,0.032642872496845374
moead,11.875321956989247,0.10033549806451612,0.031648194305384895
moead,15.149073204301075,0.09213704838709677,0.030412523229053492
moead,19.334456430107526,0.08414717612903226,0.0288930169824189
moead,24.686815913978496,0.07644910430107527,0.027120156902219722
moead,31.545352258064515,0.0690970793548387,0.025091139705546193
moead,40.346522580645164,0.06197593634408602,0.022886306291579114
moead,51.652160860215055,0.0552977623655914,0.020663835872219687
moead,66.19074086021506,0.048973284516129034,0.01837440429492912
moead,84.9104952688172,0.042944710537634406,0.0161501880091276
moead,109.05602215053763,0.03728682193548387,0.013979642293871615
moead,140.2305806451613,0.032077655698924734,0.011942955129215893
moead,180.53169032258066,0.027207149612903225,0.010105185094288392
moead,232.69399354838708,0.02272968705376344,0.008467318497365843
moead,300.073288172043,0.01852423372043011,0.006892710505970061
mhaco,0.07023930883870967,0.23071373333333334,0.04977765996566315
mhaco,0.21457166251612902,0.228731311827957,0.04903817576485043
mhaco,0.31281138077419357,0.2273872817204301,0.048685017328718466
mhaco,0.42214675569892474,0.22609554193548387,0.0481329297765894
mhaco,0.5507942148387097,0.22474419139784946,0.04758303948797007
mhaco,0.7188986623655914,0.22328251612903227,0.047051342826080395
mhaco,0.9258483178494623,0.22023347956989248,0.04598089306754397
mhaco,1.1843118462365592,0.21599719569892473,0.044792260376981335
mhaco,1.50869102,0.21153531612903226,0.04381436890879681
mhaco,1.9140081333333334,0.20777412473118279,0.04327660880813889
mhaco,2.422148789247312,0.20412114623655914,0.04258979523723093
mhaco,3.066840965591398,0.20122078709677418,0.042305211625784586
mhaco,3.8786288860215055,0.19847211397849462,0.04172470885709047
mhaco,4.908937066666667,0.1959084688172043,0.041149469492898424
mhaco,6.22055249032258,0.19361054623655913,0.04062472453283943
mhaco,7.894387032258065,0.19120464301075268,0.040429873215286995
mhaco,10.037436924731182,0.18896866021505376,0.04011743946963483
mhaco,12.78714088172043,0.18699077849462364,0.040032925548050366
mhaco,16.33078765591398,0.18487634838709677,0.03970539541643905
mhaco,20.915495677419354,0.1828810430107527,0.03958492990168635
mhaco,26.86596270967742,0.18100972258064515,0.03914610144335986
mhaco,34.62209827956989,0.17913149247311827,0.038736039020424655
mhaco,44.76436408602151,0.1772059376344086,0.038394254273779516
mhaco,58.0816976344086,0.17528016559139786,0.03819433520599781
mhaco,75.63786107526882,0.17377531612903227,0.0381378630741578
mhaco,98.87341548387097,0.17218817204301076,0.038040772381539925
mhaco,129.74223075268816,0.17067879569892472,0.037836349646958256
mhaco,170.91266451612904,0.1690475182795699,0.03756670812150582
mhaco,226.0334129032258,0.16753146021505377,0.03760238529460305
mhaco,300.0305806451613,0.1660033612903226,0.03764137998265338
ihs,0.08089458903225806,0.2311777677419355,0.049990585564695204
ihs,0.11490132580645161,0.23115106666666665,0.04996836347395162
ihs,0.15478097034408603,0.23112472688172042,0.04996452812928099
ihs,0.20673234787096775,0.23095829247311828,0.04983485839626197
ihs,0.2724188840215054,0.23077809462365592,0.049684729993094624
ihs,0.35635258537634407,0.230407488172043,0.04943947810463839
ihs,0.4644047823655914,0.23001645376344085,0.04910658902030972
ihs,0.6045029658064516,0.22938809247311828,0.04858163132426911
ihs,0.7843235352688172,0.22842251612903225,0.04787093541961086
ihs,1.0172251032258064,0.2271529569892473,0.046825763829105665
ihs,1.3208636688172044,0.22549276559139786,0.045644467910053645
ihs,1.7149231440860215,0.22345089247311828,0.04437062546365362
ihs,2.229785804301075,0.22102379139784947,0.04303539438379636
ihs,2.903486627956989,0.2178157505376344,0.04144159564278858
ihs,3.7878934903225807,0.21386847096774195,0.03997585182698172
ihs,4.952612047311828,0.20814821075268816,0.03831897374403449
ihs,6.491506451612903,0.2004973010752688,0.03813425023422382
ihs,8.53205888172043,0.19116957849462365,0.039742413130212255
ihs,11.248107419354838,0.18143418924731183,0.04240840018654573
ihs,14.876541655913979,0.17278825892473118,0.04503790984592642
ihs,19.741799225806453,0.16506774193548387,0.047613149635547206
ihs,26.291195913978495,0.15834187333333333,0.04983284009191182
ihs,35.1442088172043,0.15232022301075268,0.05161002712804051
ihs,47.16066967741936,0.14641844129032258,0.05301870345280748
ihs,63.537293978494624,0.14063056838709678,0.054399292822054045
ihs,85.95040559139785,0.13542069247311828,0.055305506289057844
ihs,116.75007333333333,0.13044482516129033,0.05596466422735852
ihs,159.24850967741935,0.12570931290322582,0.056503325040245814
ihs,218.12878494623655,0.12121766451612903,0.05723114321458303
ihs,300.00706021505374,0.11681697419354839,0.05773946737468942
nsbrkga1,0.055477212430107524,0.22849877634408602,0.049071733920220705
nsbrkga1,0.09669566197849462,0.2272774559139785,0.04872223258045131
nsbrkga1,0.13806358305376343,0.2262029182795699,0.048256499936869646
nsbrkga1,0.1999807311827957,0.22454408387096775,0.04770235865291296
nsbrkga1,0.28620859311827956,0.22262230322580645,0.046821431497127294
nsbrkga1,0.39287588,0.22058025161290323,0.04602020959850611
nsbrkga1,0.5369310604301075,0.21807095053763442,0.04474890266757711
nsbrkga1,0.7169936524731183,0.2151418,0.043245865983172115
nsbrkga1,0.9505720494623656,0.21030925161290323,0.040967374438585835
nsbrkga1,1.254078341935484,0.20300903010752688,0.039240367791728535
nsbrkga1,1.6450384731182797,0.19215558064516128,0.03911869018556908
nsbrkga1,2.152864247311828,0.17865252301075268,0.04104299113589835
nsbrkga1,2.8110268516129033,0.1639956789247312,0.043579042567687534
nsbrkga1,3.666250729032258,0.15049385849462366,0.043950463535964934
nsbrkga1,4.7812690107526885,0.1387226034408602,0.04242057676492671
nsbrkga1,6.237711440860215,0.12811096946236558,0.03978074163591118
nsbrkga1,8.143093075268817,0.11900806602150538,0.0362963320515442
nsbrkga1,10.641014451612904,0.11123028516129033,0.03261074377371559
nsbrkga1,13.922300666666667,0.10478344344086021,0.02926369701580085
nsbrkga1,18.239748774193547,0.09973491096774194,0.026398043856107896
nsbrkga1,23.93249182795699,0.09581527741935483,0.024012388908620983
nsbrkga1,31.452781720430107,0.09257765333333333,0.02216915685169751
nsbrkga1,41.410232903225804,0.09021220559139785,0.02091206367777534
nsbrkga1,54.62303892473118,0.08843868623655914,0.020029501446308016
nsbrkga1,72.18746129032257,0.0871427705376344,0.019533815703003166
nsbrkga1,95.59323333333333,0.08610678774193549,0.019233318046350433
nsbrkga1,126.84867677419355,0.0852752847311828,0.019081059087409213
nsbrkga1,168.67040860215053,0.08468810021505377,0.019035957624942305
nsbrkga1,224.74996774193548,0.08422008516129033,0.01904494318626087
nsbrkga1,300.0281247311828,0.0837693576344086,0.019105466732276827
nsbrkga2,0.09242186094623656,0.22821174408602152,0.04898984693022491
nsbrkga2,0.16279741139784945,0.2273204559139785,0.04874150327239509
nsbrkga2,0.23285232903225805,0.22663144516129033,0.04846288834441123
nsbrkga2,0.3243383376344086,0.2256612430107527,0.04806188281370327
nsbrkga2,0.46146584021505377,0.22439891612903226,0.04760440768652374
nsbrkga2,0.6186077307526882,0.22300795053763442,0.047153640394940806
nsbrkga2,0.8291612352688172,0.2216594129032258,0.04666504186350042
nsbrkga2,1.0804920623655914,0.21987536559139784,0.04581616130267361
nsbrkga2,1.4030432494623657,0.2180346559139785,0.045217682583353784
nsbrkga2,1.8139195397849461,0.2149704688172043,0.04399722291162147
nsbrkga2,2.3353328086021508,0.20899118279569892,0.043441343314355944
nsbrkga2,3.001930023655914,0.19738366021505377,0.04711907768544924
nsbrkga2,3.854278580645161,0.18153187677419355,0.053178474319593994
nsbrkga2,4.9434645161290325,0.16464607849462365,0.05823842010275121
nsbrkga2,6.34138223655914,0.14965880967741935,0.05984513122914865
nsbrkga2,8.137457849462365,0.1365639094623656,0.05847737208031614
nsbrkga2,10.446468451612903,0.12517677376344086,0.054692539457324836
nsbrkga2,13.418248344086022,0.11463655591397849,0.04974775702150806
nsbrkga2,17.249293634408602,0.10507323698924731,0.04474624472508414
nsbrkga2,22.197616279569893,0.0966000240860215,0.03958468935020484
nsbrkga2,28.598291612903225,0.08960215978494623,0.03438667901806104
nsbrkga2,36.89467419354839,0.08372528064516128,0.02970218673900201
nsbrkga2,47.665076559139784,0.07860858301075269,0.025424819051872622
nsbrkga2,61.675667956989244,0.07436575956989247,0.02172732127036975
nsbrkga2,79.93276688172043,0.07084679935483872,0.018595644942745574
nsbrkga2,103.76991268817204,0.0682152888172043,0.016709260498680444
nsbrkga2,134.9535376344086,0.0663519935483871,0.01538507091159993
nsbrkga2,175.8235075268817,0.06503342086021506,0.014401635294983511
nsbrkga2,229.48840430107526,0.06407177741935484,0.01365990695733485
nsbrkga2,300.02317634408604,0.06336962387096774,0.01324267272560444
nsbrkga3,0.18988941634408601,0.22687203870967743,0.04854270779221347
nsbrkga3,0.33297059376344085,0.22577599569892473,0.048130359885446186
nsbrkga3,0.4734793634408602,0.22487053548387098,0.04773061370904821
nsbrkga3,0.6306569520430108,0.22342342365591397,0.04705067134556078
nsbrkga3,0.8600030178494623,0.22183946021505377,0.04664132891503156
nsbrkga3,1.1411273032258065,0.21992132043010754,0.04603754668411819
nsbrkga3,1.4769936666666668,0.2177627634408602,0.045364377494664265
nsbrkga3,1.897231677419355,0.21505756989247313,0.04458600882646068
nsbrkga3,2.405572625806452,0.2112334,0.043454851680230853
nsbrkga3,3.0444513440860215,0.20522542150537634,0.04249075134756469
nsbrkga3,3.8285531032258064,0.19621780860215055,0.0426475956473507
nsbrkga3,4.808579784946237,0.18433565548387096,0.04469965784524917
nsbrkga3,6.029816408602151,0.17147346451612902,0.04738102944622977
nsbrkga3,7.549244064516129,0.15893946795698924,0.04912511580878893
nsbrkga3,9.448106602150538,0.14745266215053762,0.049825973067058216
nsbrkga3,11.818831849462365,0.13720186193548387,0.04920349146292864
nsbrkga3,14.786404946236559,0.12810912559139784,0.047565148584710795
nsbrkga3,18.507946946236558,0.11977782903225806,0.04525933444428271
nsbrkga3,23.173038000000002,0.11233438580645161,0.04260395171705497
nsbrkga3,29.043844946236558,0.10558267634408602,0.03970484155929809
nsbrkga3,36.43615204301075,0.09977961182795698,0.03686448283084313
nsbrkga3,45.76758645161291,0.09472071634408602,0.03403465924724927
nsbrkga3,57.56828924731183,0.09043247784946236,0.03147920815268669
nsbrkga3,72.51889139784946,0.08670939462365591,0.028910781485024982
nsbrkga3,91.50080559139785,0.0835816705376344,0.026611104823141097
nsbrkga3,115.64543032258065,0.0810227705376344,0.024692747442213222
nsbrkga3,146.39915268817205,0.0789281111827957,0.022971820102516357
nsbrkga3,185.65857204301076,0.07708103247311827,0.021447127333149064
nsbrkga3,235.86420215053764,0.07545823698924731,0.020069031849205003
nsbrkga3,300.04663440860213,0.0740601888172043,0.018852476707535024
nsbrkga4,0.41026981634408605,0.22661541290322582,0.04845183295972124
nsbrkga4,0.7444744961290323,0.22634484086021506,0.0483845541482111
nsbrkga4,1.120015071827957,0.22595997634408602,0.048257021050066844
nsbrkga4,1.5006340129032258,0.2254486387096774,0.048095682097022065
nsbrkga4,1.9353234322580646,0.2244294129032258,0.04771753141532205
nsbrkga4,2.465848658064516,0.22355470322580645,0.047396385993669105
nsbrkga4,3.168804617204301,0.22268766451612904,0.04699823269076521
nsbrkga4,4.067669086021505,0.22105574623655913,0.04718886647955342
nsbrkga4,5.142767458064516,0.21738214623655913,0.04881405434688142
nsbrkga4,8.33785519139785,0.2120316759139785,0.05232557100930282
nsbrkga4,16.251827629310345,0.19974836185344827,0.05168499344198303
nsbrkga4,24.77789649122807,0.1937364528508772,0.05058912718460961
nsbrkga4,21.87998132118451,0.186894991571754,0.04413422799652259
nsbrkga4,25.42947172413793,0.17537355103448277,0.03843812464036959
nsbrkga4,43.35669921658986,0.16477062534562212,0.0373406173253249
nsbrkga4,67.02149928909952,0.15320385971563982,0.03248724827986168
nsbrkga4,57.521188604651165,0.14835764237726098,0.029951513045843772
nsbrkga4,56.197403817204304,0.1433336690860215,0.028274899700054205
nsbrkga4,65.77730161290323,0.13872038413978494,0.027133171793976573
nsbrkga4,74.31593279132791,0.13556581246612467,0.02589636237896808
nsbrkga4,80.6619,0.13356028614958448,0.024106681963190595
nsbrkga4,88.52246920903954,0.13208136214689264,0.02301041362493457
nsbrkga4,97.67959046242774,0.1305958054913295,0.02127334125753759
nsbrkga4,107.97156696428571,0.12914244464285715,0.019287056593442604
nsbrkga4,121.610890797546,0.1281748809815951,0.017737828400722657
nsbrkga4,141.624419375,0.126105176875,0.01684981855373957
nsbrkga4,167.90140634920635,0.12394516888888889,0.016260805072515747
nsbrkga4,199.12112541254126,0.12174076039603961,0.01571955840303325
nsbrkga4,242.45069727891158,0.11996593299319729,0.015308857371332517
nsbrkga4,300.1102666666667,0.11747325719298246,0.015366710825654523
nsbrkga5,0.08323200531182795,0.22733973978494623,0.04871173746709932
nsbrkga5,0.18480116494623655,0.22635564946236558,0.04834851334665421
nsbrkga5,0.2839323879569893,0.22551330967741937,0.048015554419389005
nsbrkga5,0.3882590759139785,0.22459457849462366,0.04759628481479503
nsbrkga5,0.5419767647311828,0.22362883010752688,0.047183171563424754
nsbrkga5,0.738209654623656,0.22271525376344087,0.04680923792165554
nsbrkga5,0.9761714709677419,0.2217207010752688,0.04646815195530219
nsbrkga5,1.2883063935483872,0.2206687053763441,0.04606488039333472
nsbrkga5,1.6733780129032259,0.21933897204301075,0.04543201736041133
nsbrkga5,2.155685621505376,0.21814994623655914,0.04506470773757882
nsbrkga5,2.766890313978495,0.2167734430107527,0.044549601514693414
nsbrkga5,3.5384338623655913,0.21555359784946238,0.0441866658327301
nsbrkga5,4.505597258064516,0.21390021505376344,0.04389142790922333
nsbrkga5,5.74206752688172,0.20576978924731182,0.04329474435341894
nsbrkga5,7.409177139784946,0.19797187096774194,0.03941708010555792
nsbrkga5,11.220426430107526,0.18493000430107526,0.034514978838591656
nsbrkga5,26.972346731182796,0.16862299096774194,0.02992267837283813
nsbrkga5,59.96072077419355,0.1555719670967742,0.0317656403778926
nsbrkga5,97.69239957494408,0.14436116241610739,0.0285674135928406
nsbrkga5,97.68363027989822,0.1377891651399491,0.027339282953828006
nsbrkga5,77.57860320699709,0.13721461749271138,0.02359725663606325
nsbrkga5,76.21031158536586,0.13367521707317073,0.021710552498402362
nsbrkga5,81.72584080996884,0.12901190124610593,0.020737037321035
nsbrkga5,88.61108012820513,0.12404382371794871,0.01928804510457094
nsbrkga5,101.04160491803279,0.1188665062295082,0.018395601101514638
nsbrkga5,119.47084180602006,0.11415925886287626,0.017579915543828255
nsbrkga5,147.558531986532,0.10972775218855219,0.016857638953291492
nsbrkga5,184.03223549488055,0.10573504197952219,0.016230212330544766
nsbrkga5,234.01791379310345,0.10188564,0.015053328222469999
nsbrkga5,300.2887577854671,0.09857189792387543,0.014167989573643982
nsbrkga6,2.6048992064516128,0.22534654838709678,0.04803340379426434
nsbrkga6,5.02865436344086,0.22244023655913978,0.04672846807211138
nsbrkga6,7.263434797849462,0.22088065161290324,0.04612224442108937
nsbrkga6,9.340107206451613,0.2196192817204301,0.046006204028222225
nsbrkga6,11.434953223655913,0.21769950967741936,0.0457901281564777
nsbrkga6,13.613829169892472,0.21534420215053762,0.04576729356683859
nsbrkga6,15.900674,0.21223230967741935,0.04607010637256827
nsbrkga6,18.438502086021504,0.207668488172043,0.046899077621714906
nsbrkga6,21.217537247311828,0.20188539913978495,0.04850866279138119
nsbrkga6,24.430707462365593,0.19476566494623657,0.050779672661488556
nsbrkga6,27.889826086021504,0.18710886688172043,0.05245134777939971
nsbrkga6,31.797360215053764,0.17907602666666667,0.053754468347029016
nsbrkga6,36.06065520430108,0.17170141612903225,0.054724954231435335
nsbrkga6,40.70654643010753,0.1645228111827957,0.05548903906548995
nsbrkga6,46.35289901075269,0.15755668,0.05622542622092945
nsbrkga6,52.754572043010754,0.15143383505376343,0.05615495619499577
nsbrkga6,59.899446021505376,0.1461384417204301,0.05516784468767576
nsbrkga6,67.79689569892473,0.1413288929032258,0.05434774364186055
nsbrkga6,76.68742344086021,0.13616900107526883,0.05390041841952559
nsbrkga6,86.75851870967742,0.13157518752688172,0.05357555704699639
nsbrkga6,98.07531956989247,0.12764157505376345,0.05281287087080697
nsbrkga6,110.85568193548387,0.12380560666666666,0.052244297573544624
nsbrkga6,125.42154258064517,0.11994253978494623,0.05167386717677519
nsbrkga6,141.94607548387097,0.11632249419354838,0.050976443019382915
nsbrkga6,160.87922344086022,0.11287495204301075,0.0501466182165371
nsbrkga6,184.18175913978496,0.10906418129032258,0.04962466999773771
nsbrkga6,209.7611702586207,0.10537433599137931,0.049205920503389566
nsbrkga6,236.1562841163311,0.10185103422818792,0.04970601432047378
nsbrkga6,265.99593087557605,0.09872131866359447,0.05036903879173013
nsbrkga6,300.71055069124424,0.09621437096774194,0.050621716906977726
